rss,heapTotal,heapUsed
22462464,10295296,5624728
22941696,10295296,6085280
23003136,10295296,6141496
23048192,10295296,6188480
23097344,10295296,6235304
23150592,10295296,6289824
23203840,10295296,6338592
23248896,10295296,6385136
23371776,10295296,6468936
23502848,10295296,6532192
23588864,10295296,6613760
23658496,10295296,6684064
23715840,10295296,6733472
23760896,10295296,6779864
23805952,10295296,6828376
24424448,11327232,5993704
24428544,11327232,6034264
24457216,11327232,6111888
24477696,11327232,6174880
24477696,11327232,6221616
24477696,11327232,6268016
24477696,11327232,6314560
24494080,11327232,6381088
24576000,11327232,6473416
24621056,11327232,6520256
24666112,11327232,6566984
24711168,11327232,6613424
24780800,11327232,6679992
24825856,11327232,6726392
24875008,11327232,6772952
24920064,11327232,6819352
24965120,11327232,6866088
25030656,11327232,6920120
25186304,11327232,7078208
25399296,11327232,7170616
25448448,11327232,7217200
25493504,11327232,7263608
25538560,11327232,7310344
25583616,11327232,7356744
25632768,11327232,7403296
25706496,11327232,7474384
25776128,11327232,7542392
25821184,11327232,7588800
25886720,11327232,7647192
26710016,12359168,6743728
27123712,12359168,6820856
27144192,12359168,6883384
27144192,12359168,6929104
27164672,12359168,6996072
27164672,12359168,7041632
27164672,12359168,7087840
27176960,12359168,7145584
27181056,12359168,7198808
27181056,12359168,7244400
27185152,12359168,7291888
27185152,12359168,7337472
27185152,12359168,7383384
27185152,12359168,7428936
27185152,12359168,7474640
27185152,12359168,7520192
27185152,12359168,7566048
27185152,12359168,7611608
27185152,12359168,7657344
27185152,12359168,7702904
27185152,12359168,7748616
27193344,12359168,7800232
27201536,12359168,7855376
27377664,12359168,7965104
27615232,12359168,8069408
27615232,12359168,8114848
27623424,12359168,8163944
27623424,12359168,8211968
27623424,12359168,8257568
27623424,12359168,8303016
27627520,12359168,8348608
27627520,12359168,8394056
27635712,12359168,8449696
27635712,12359168,8495208
27635712,12359168,8540856
27688960,12359168,8613752
27693056,12359168,8659432
27721728,12359168,8734192
28196864,16486912,7482968
28196864,16486912,7486600
28196864,16486912,7529936
28196864,16486912,7575600
28196864,16486912,7621112
28196864,16486912,7666776
28200960,16486912,7712328
28200960,16486912,7758008
28200960,16486912,7806056
28200960,16486912,7852136
28200960,16486912,7897664
28200960,16486912,7943296
28200960,16486912,7988776
28200960,16486912,8034408
28205056,16486912,8079904
28205056,16486912,8125664
28205056,16486912,8171152
28205056,16486912,8216784
28205056,16486912,8262280
28205056,16486912,8307928
28205056,16486912,8353424
28205056,16486912,8399064
28205056,16486912,8444552
28205056,16486912,8490184
28205056,16486912,8535680
28205056,16486912,8581328
28209152,16486912,8626824
28209152,16486912,8672504
28209152,16486912,8718000
28209152,16486912,8763648
28209152,16486912,8809144
28209152,16486912,8854792
28209152,16486912,8900280
28209152,16486912,8945928
28209152,16486912,8991416
28209152,16486912,9037048
28209152,16486912,9086328
28241920,16486912,9150704
28286976,16486912,9196232
28336128,16486912,9245768
28381184,16486912,9291288
28426240,16486912,9336992
28471296,16486912,9382504
28520448,16486912,9428184
28565504,16486912,9473704
28614656,16486912,9519376
28676096,16486912,9584408
28729344,16486912,9636624
28778496,16486912,9682088
28893184,16486912,9774984
28946432,16486912,9826528
29138944,16486912,9955240
29769728,17518848,10278200
29831168,17518848,10342376
29872128,17518848,10385280
29917184,17518848,10427640
29958144,17518848,10469856
29999104,17518848,10512216
30040064,17518848,10554680
30081024,17518848,10597048
30121984,17518848,10639264
30162944,17518848,10681624
30208000,17518848,10723832
30248960,17518848,10766192
30294016,17518848,10808400
30334976,17518848,10850768
30375936,17518848,10892976
30416896,17518848,10935344
30466048,17518848,10979888
30507008,17518848,11022248
30547968,17518848,11064456
30588928,17518848,11106816
30633984,17518848,11149032
30679040,17518848,11191400
30720000,17518848,11233608
30760960,17518848,11275968
30801920,17518848,11318176
30846976,17518848,11360536
30887936,17518848,11402968
30928896,17518848,11445336
30969856,17518848,11487544
31014912,17518848,11529912
31047680,17518848,11572120
31047680,17518848,11614480
31559680,17518848,8898712
31559680,17518848,8918232
31617024,17518848,9008112
32165888,17518848,9097256
32165888,17518848,9139576
32169984,17518848,9181712
32169984,17518848,9224032
32169984,17518848,9266168
32169984,17518848,9308464
32174080,17518848,9350600
32174080,17518848,9392928
32174080,17518848,9435072
32174080,17518848,9477368
32174080,17518848,9519504
32174080,17518848,9561800
32174080,17518848,9603936
32174080,17518848,9646224
32178176,17518848,9688360
32178176,17518848,9730680
32178176,17518848,9772848
32178176,17518848,9815176
32178176,17518848,9857352
32178176,17518848,9899672
32178176,17518848,9941848
32178176,17518848,9984168
32178176,17518848,10026552
32178176,17518848,10068880
32194560,17518848,10111072
32243712,17518848,10153408
32284672,17518848,10195584
32325632,17518848,10238136
32366592,17518848,10280312
32415744,17518848,10332176
32456704,17518848,10374352
32514048,17518848,10431504
32616448,17518848,10531056
32657408,17518848,10573320
32698368,17518848,10615432
32739328,17518848,10657664
32780288,17518848,10699776
32825344,17518848,10742040
32866304,17518848,10784160
32911360,17518848,10826432
32952320,17518848,10868552
32993280,17518848,10910816
33038336,17518848,10952928
33079296,17518848,10995200
33120256,17518848,11037312
33161216,17518848,11079576
33202176,17518848,11121936
33247232,17518848,11164208
33284096,17518848,11206432
33325056,17518848,11248696
33370112,17518848,11290808
33411072,17518848,11333072
33460224,17518848,11375176
33501184,17518848,11418440
33542144,17518848,11460560
33583104,17518848,11502824
33628160,17518848,11544944
33669120,17518848,11587208
33710080,17518848,11629328
33751040,17518848,11671592
33792000,17518848,11713704
33837056,17518848,11755976
33882112,17518848,11798088
33923072,17518848,11840352
33964032,17518848,11882464
34004992,17518848,11924728
34045952,17518848,11966848
34091008,17518848,12009112
34140160,17518848,12054968
34189312,17518848,12103552
34226176,17518848,12143168
34258944,17518848,12182928
34258944,17518848,12222536
35225600,18550784,9965304
35225600,18550784,9967480
35225600,18550784,10006104
35225600,18550784,10045864
35225600,18550784,10085480
35229696,18550784,10125320
35241984,18550784,10164968
35241984,18550784,10204736
35241984,18550784,10244352
35241984,18550784,10284112
35241984,18550784,10323720
35241984,18550784,10363480
35241984,18550784,10403088
35241984,18550784,10442856
35241984,18550784,10482472
35241984,18550784,10522232
35246080,18550784,10561848
35246080,18550784,10601640
35246080,18550784,10641280
35246080,18550784,10681080
35246080,18550784,10720728
35246080,18550784,10760520
35246080,18550784,10800160
35246080,18550784,10839960
35246080,18550784,10879600
35254272,18550784,10931800
35266560,18550784,10984136
35274752,18550784,11023896
35274752,18550784,11063504
35274752,18550784,11103264
35274752,18550784,11142872
35274752,18550784,11182656
35274752,18550784,11222264
35274752,18550784,11262024
35274752,18550784,11301632
35274752,18550784,11341392
35274752,18550784,11381008
35274752,18550784,11420768
35278848,18550784,11460376
35291136,18550784,11520264
35315712,18550784,11583592
35315712,18550784,11623016
35315712,18550784,11662256
35315712,18550784,11701656
35315712,18550784,11740904
35315712,18550784,11780296
35315712,18550784,11819576
35315712,18550784,11858968
35319808,18550784,11899216
35319808,18550784,11938640
35319808,18550784,11977880
35319808,18550784,12017272
35319808,18550784,12056512
35319808,18550784,12095912
35319808,18550784,12135152
35319808,18550784,12174544
35319808,18550784,12213792
35319808,18550784,12253184
35319808,18550784,12292552
35319808,18550784,12331944
35323904,18550784,12371184
35323904,18550784,12410616
35323904,18550784,12449888
35323904,18550784,12489312
35323904,18550784,12528584
35323904,18550784,12568008
35323904,18550784,12607288
35323904,18550784,12646712
35323904,18550784,12685984
35323904,18550784,12725408
35323904,18550784,12764680
35323904,18550784,12804104
35328000,18550784,12843376
35332096,18550784,12882840
35332096,18550784,12922112
35332096,18550784,12961504
35332096,18550784,13000744
35340288,18550784,13046680
35340288,18550784,13085952
35340288,18550784,13125376
35340288,18550784,13164648
35340288,18550784,13204072
35340288,18550784,13243344
35344384,18550784,13282776
36233216,19582720,11018368
36233216,19582720,11025192
36233216,19582720,11064552
36233216,19582720,11103808
36233216,19582720,11143208
36237312,19582720,11188272
36237312,19582720,11227688
36237312,19582720,11266928
36237312,19582720,11306320
36237312,19582720,11345776
36241408,19582720,11385168
36241408,19582720,11424448
36241408,19582720,11463872
36241408,19582720,11503152
36241408,19582720,11542568
36241408,19582720,11581848
36241408,19582720,11621272
36241408,19582720,11660544
36241408,19582720,11699976
36241408,19582720,11739248
36241408,19582720,11778680
36241408,19582720,11818168
36245504,19582720,11857592
36245504,19582720,11896864
36245504,19582720,11936256
36245504,19582720,11975504
36245504,19582720,12014896
36245504,19582720,12054136
36245504,19582720,12093536
36245504,19582720,12132776
36245504,19582720,12172280
36245504,19582720,12212520
36245504,19582720,12251912
36245504,19582720,12291160
36249600,19582720,12330552
36249600,19582720,12369832
36249600,19582720,12409224
36253696,19582720,12448472
36253696,19582720,12487896
36253696,19582720,12527144
36253696,19582720,12566536
36253696,19582720,12605776
36253696,19582720,12645176
36253696,19582720,12684424
36253696,19582720,12723824
36253696,19582720,12763072
36257792,19582720,12802464
36257792,19582720,12841744
36257792,19582720,12881168
36257792,19582720,12920440
36257792,19582720,12959864
36257792,19582720,12999144
36257792,19582720,13038576
36257792,19582720,13077856
36257792,19582720,13117288
36257792,19582720,13156568
36257792,19582720,13196656
36257792,19582720,13235928
36261888,19582720,13275360
36261888,19582720,13314632
36261888,19582720,13354032
36261888,19582720,13393272
36261888,19582720,13432664
36261888,19582720,13471904
36298752,19582720,13541232
36298752,19582720,13580504
36298752,19582720,13619904
36298752,19582720,13659144
36298752,19582720,13698536
36298752,19582720,13737776
36298752,19582720,13777168
36298752,19582720,13816416
36298752,19582720,13855816
37023744,20602624,14157296
37052416,20602624,14222488
37052416,20602624,14261880
37052416,20602624,14301200
37052416,20602624,14340192
37052416,20602624,14379336
37052416,20602624,14418336
37052416,20602624,14457488
37056512,20602624,14496480
38379520,29890048,12251336
38383616,29890048,12287528
38420480,29890048,12326560
38428672,29890048,12366040
38428672,29890048,12405064
38428672,29890048,12444216
38428672,29890048,12483208
38428672,29890048,12522352
38428672,29890048,12561344
38428672,29890048,12600488
38428672,29890048,12639480
38428672,29890048,12678624
38428672,29890048,12717616
38432768,29890048,12756768
38432768,29890048,12795792
38432768,29890048,12834936
38432768,29890048,12873928
38432768,29890048,12913072
38432768,29890048,12952072
38432768,29890048,12991216
38432768,29890048,13031208
38432768,29890048,13070352
38432768,29890048,13109352
38432768,29890048,13148496
38432768,29890048,13187496
38432768,29890048,13226640
38436864,29890048,13265640
38436864,29890048,13304816
38436864,29890048,13343848
38436864,29890048,13383024
38436864,29890048,13422056
38436864,29890048,13461232
38436864,29890048,13500264
38436864,29890048,13539440
38436864,29890048,13578464
38436864,29890048,13617640
38436864,29890048,13656664
38440960,29890048,13695848
38440960,29890048,13734880
38440960,29890048,13774024
38440960,29890048,13813016
38440960,29890048,13852160
38440960,29890048,13891152
38440960,29890048,13930304
38440960,29890048,13969296
38440960,29890048,14008448
38440960,29890048,14047448
38440960,29890048,14086592
38440960,29890048,14125592
38465536,29890048,14198792
38502400,29890048,14273576
38506496,29890048,14312728
38506496,29890048,14351720
38506496,29890048,14390832
38506496,29890048,14429792
38506496,29890048,14468904
38506496,29890048,14507872
38506496,29890048,14546992
38506496,29890048,14586208
38510592,29890048,14627232
38510592,29890048,14666232
38510592,29890048,14705352
38510592,29890048,14744312
38510592,29890048,14783424
38510592,29890048,14822384
38510592,29890048,14861504
38510592,29890048,14900472
38510592,29890048,14939584
38510592,29890048,14978544
38510592,29890048,15017720
38510592,29890048,15056688
38514688,29890048,15095800
38514688,29890048,15134792
38514688,29890048,15173904
38514688,29890048,15212864
38514688,29890048,15251976
38514688,29890048,15290936
38514688,29890048,15330048
38518784,29890048,15369016
38518784,29890048,15408160
38518784,29890048,15447160
38518784,29890048,15486304
38518784,29890048,15525296
38535168,29890048,15565176
38576128,29890048,15604176
38612992,29890048,15643320
38653952,29890048,15682312
38690816,29890048,15721456
38731776,29890048,15760448
38768640,29890048,15799600
38805504,29890048,15838592
38846464,29890048,15878744
38887424,29890048,15917736
38924288,29890048,15956880
38965248,29890048,15995872
39006208,29890048,16035016
39047168,29890048,16074008
39088128,29890048,16113152
39124992,29890048,16152144
39165952,29890048,16191288
39202816,29890048,16230288
39239680,29890048,16269432
39280640,29890048,16308424
39317504,29890048,16347568
39358464,29890048,16386560
39395328,29890048,16425704
39440384,29890048,16464704
39477248,29890048,16503856
39514112,29890048,16542904
39555072,29890048,16582048
39587840,29890048,16621056
39628800,29890048,16660264
39665664,29890048,16699264
39706624,29890048,16738408
39743488,29890048,16777408
39784448,29890048,16816560
39821312,29890048,16855552
39862272,29890048,16894696
39903232,29890048,16933696
39940096,29890048,16972896
39981056,29890048,17011896
40017920,29890048,17052544
40058880,29890048,17091536
40095744,29890048,17130680
40132608,29890048,17169672
40173568,29890048,17208824
40214528,29890048,17247816
40255488,29890048,17286968
40292352,29890048,17325960
40333312,29890048,17365112
40370176,29890048,17404112
40407040,29890048,17443256
40448000,29890048,17482248
40484864,29890048,17521400
40525824,29890048,17560392
40562688,29890048,17599544
40599552,29890048,17638568
40636416,29890048,17677712
40681472,29890048,17716712
40718336,29890048,17755856
40755200,29890048,17794856
40796160,29890048,17834008
40837120,29890048,17873000
40878080,29890048,17912152
40914944,29890048,17951144
40955904,29890048,17990288
40992768,29890048,18029288
41037824,29890048,18068440
41078784,29890048,18107432
41119744,29890048,18146576
41160704,29890048,18185864
41197568,29890048,18225008
41238528,29890048,18264296
41275392,29890048,18303448
41312256,29890048,18342736
41357312,29890048,18383520
41398272,29890048,18422512
41435136,29890048,18461952
41472000,29890048,18500944
41517056,29890048,18540384
41553920,29890048,18579376
41594880,29890048,18618528
41631744,29890048,18657816
41668608,29890048,18696984
41705472,29890048,18735976
41746432,29890048,18775416
41783296,29890048,18814408
41820160,29890048,18853848
41861120,29890048,18892840
41897984,29890048,18931992
41943040,29890048,18971280
41979904,29890048,19010424
42020864,29890048,19049712
42057728,29890048,19088856
42094592,29890048,19127848
42135552,29890048,19167288
42172416,29890048,19206280
42213376,29890048,19245720
42250240,29890048,19284720
42291200,29890048,19323864
42332160,29890048,19362856
42369024,29890048,19402304
42409984,29890048,19441296
42450944,29890048,19480448
42491904,29890048,19519744
42524672,29890048,19558888
42524672,29890048,19597880
42528768,29890048,19637296
42528768,29890048,19676288
42532864,29890048,19715696
43655168,30921984,14607480
43655168,30921984,14625168
43655168,30921984,14664248
43655168,30921984,14703208
43655168,30921984,14742320
43655168,30921984,14781576
43655168,30921984,14820744
43655168,30921984,14859704
43655168,30921984,14899280
43655168,30921984,14938240
43655168,30921984,14977352
43659264,30921984,15016608
43659264,30921984,15055752
43663360,30921984,15095008
43663360,30921984,15134152
43663360,30921984,15173144
43663360,30921984,15212288
43663360,30921984,15251576
43663360,30921984,15290936
43663360,30921984,15329896
43663360,30921984,15369336
43667456,30921984,15408328
43667456,30921984,15447472
43671552,30921984,15486728
43671552,30921984,15525936
43671552,30921984,15564896
43671552,30921984,15604312
43671552,30921984,15643272
43671552,30921984,15682384
43671552,30921984,15721640
43671552,30921984,15761752
43671552,30921984,15801016
43671552,30921984,15840128
43675648,30921984,15879144
43675648,30921984,15918344
43675648,30921984,15957600
43675648,30921984,15996712
43675648,30921984,16035672
43675648,30921984,16075080
43675648,30921984,16114048
43675648,30921984,16153160
43675648,30921984,16192416
43675648,30921984,16231528
43675648,30921984,16270784
43679744,30921984,16309896
43679744,30921984,16348952
43683840,30921984,16388448
43683840,30921984,16427440
43683840,30921984,16466848
43683840,30921984,16505808
43683840,30921984,16544928
43716608,30921984,16583912
43753472,30921984,16623056
43790336,30921984,16662408
43831296,30921984,16701776
43872256,30921984,16740776
43913216,30921984,16780216
43950080,30921984,16819216
43991040,30921984,16858360
44027904,30921984,16897352
44064768,30921984,16936792
44105728,30921984,16975784
44142592,30921984,17014928
44183552,30921984,17054216
44220416,30921984,17093360
44261376,30921984,17132352
44302336,30921984,17171800
44343296,30921984,17210800
44380160,30921984,17250240
44417024,30921984,17289240
44457984,30921984,17328384
44498944,30921984,17367680
44539904,30921984,17406824
44576768,30921984,17446112
44617728,30921984,17485256
44654592,30921984,17524256
44695552,30921984,17563408
44732416,30921984,17602736
44769280,30921984,17641880
44810240,30921984,17680880
44847104,30921984,17720024
44888064,30921984,17759320
44924928,30921984,17798464
44961792,30921984,17837456
45002752,30921984,17876600
45043712,30921984,17915888
45084672,30921984,17955032
45121536,30921984,17994024
45162496,30921984,18033464
45199360,30921984,18072464
45244416,30921984,18111608
45281280,30921984,18150896
45318144,30921984,18190048
45363200,30921984,18229336
45404160,30921984,18269536
45441024,30921984,18308528
45477888,30921984,18347968
45518848,30921984,18386968
45559808,30921984,18426416
45600768,30921984,18465408
45637632,30921984,18504608
45678592,30921984,18543896
45715456,30921984,18583048
45752320,30921984,18622344
45789184,30921984,18661520
45826048,30921984,18700512
45867008,30921984,18739952
45903872,30921984,18778952
45948928,30921984,18818104
45985792,30921984,18857104
46026752,30921984,18896544
46063616,30921984,18935536
46100480,30921984,18974680
46141440,30921984,19013968
46178304,30921984,19053112
46219264,30921984,19092104
46256128,30921984,19131544
46297088,30921984,19170536
46333952,30921984,19209984
46374912,30921984,19248976
46415872,30921984,19288120
46452736,30921984,19327408
46493696,30921984,19366560
46530560,30921984,19405848
46571520,30921984,19444992
46608384,30921984,19483984
46645248,30921984,19523128
46686208,30921984,19562416
46723072,30921984,19601560
46768128,30921984,19640552
46780416,30921984,19644696
46813184,30921984,19681224
46850048,30921984,19720216
46964736,30921984,7655200
46964736,30921984,7658744
46977024,30921984,7728488
46977024,30921984,7767624
46977024,30921984,7806576
46977024,30921984,7845848
46977024,30921984,7884800
46977024,30921984,7923912
46977024,30921984,7962904
46977024,30921984,8002008
46977024,30921984,8040960
46977024,30921984,8080064
46977024,30921984,8119016
46977024,30921984,8158120
46977024,30921984,8197072
46977024,30921984,8236176
46977024,30921984,8275128
46977024,30921984,8314240
46977024,30921984,8353192
46977024,30921984,8392296
46977024,30921984,8431248
46977024,30921984,8470352
46977024,30921984,8509304
46977024,30921984,8548416
46977024,30921984,8587368
46977024,30921984,8626480
46977024,30921984,8667008
46977024,30921984,8706112
46977024,30921984,8745064
46977024,30921984,8784176
46977024,30921984,8823136
46977024,30921984,8862240
46977024,30921984,8901208
46977024,30921984,8940320
46977024,30921984,8979272
46977024,30921984,9018376
46977024,30921984,9057328
46977024,30921984,9096440
46977024,30921984,9135392
46977024,30921984,9174496
46977024,30921984,9213456
46977024,30921984,9252568
46977024,30921984,9291520
46977024,30921984,9330624
46977024,30921984,9369576
46977024,30921984,9408688
46977024,30921984,9447640
46977024,30921984,9486752
46977024,30921984,9525712
46977024,30921984,9564824
46977024,30921984,9603784
46977024,30921984,9642888
46981120,30921984,9681840
46981120,30921984,9720976
46981120,30921984,9759928
46981120,30921984,9799032
46981120,30921984,9837984
46981120,30921984,9877088
46981120,30921984,9916064
46981120,30921984,9955168
46981120,30921984,9994120
46981120,30921984,10033224
46981120,30921984,10072192
46981120,30921984,10111304
46981120,30921984,10150264
46981120,30921984,10189376
46981120,30921984,10228336
46981120,30921984,10267448
46981120,30921984,10306416
46981120,30921984,10345536
46981120,30921984,10384496
46981120,30921984,10423608
46981120,30921984,10462576
46981120,30921984,10501688
46981120,30921984,10540656
46981120,30921984,10579768
46981120,30921984,10618728
46981120,30921984,10657848
46981120,30921984,10696816
46981120,30921984,10735936
46981120,30921984,10774896
46981120,30921984,10814016
46981120,30921984,10852976
46981120,30921984,10892088
46981120,30921984,10931056
46981120,30921984,10970176
46981120,30921984,11009136
46981120,30921984,11048248
46981120,30921984,11087216
46981120,30921984,11126328
46981120,30921984,11165296
46981120,30921984,11204576
46981120,30921984,11244624
46981120,30921984,11283736
46981120,30921984,11322696
46981120,30921984,11361808
46981120,30921984,11400768
46981120,30921984,11439880
46981120,30921984,11478840
46981120,30921984,11517960
46981120,30921984,11556920
46981120,30921984,11596032
46981120,30921984,11635000
46981120,30921984,11674112
46981120,30921984,11713072
46981120,30921984,11752192
46981120,30921984,11791160
46981120,30921984,11830272
46981120,30921984,11869232
46981120,30921984,11908344
46981120,30921984,11947304
46981120,30921984,11986416
46981120,30921984,12025464
46981120,30921984,12064584
46981120,30921984,12103544
46981120,30921984,12142656
46981120,30921984,12181616
46981120,30921984,12220728
46981120,30921984,12259688
46981120,30921984,12298800
46981120,30921984,12337768
46981120,30921984,12376880
46981120,30921984,12415840
46981120,30921984,12454952
46981120,30921984,12493912
46981120,30921984,12533024
46981120,30921984,12571984
46981120,30921984,12611096
46985216,30921984,12650056
46985216,30921984,12689200
46985216,30921984,12728168
46985216,30921984,12767280
46985216,30921984,12806240
46985216,30921984,12845360
46985216,30921984,12884328
46985216,30921984,12923448
46985216,30921984,12962408
46985216,30921984,13001520
46985216,30921984,13040480
46985216,30921984,13079592
46985216,30921984,13118560
46985216,30921984,13157672
46985216,30921984,13196640
46985216,30921984,13235760
46985216,30921984,13274720
46985216,30921984,13313832
46985216,30921984,13352792
46985216,30921984,13391904
46985216,30921984,13430864
46985216,30921984,13469984
46985216,30921984,13508944
46985216,30921984,13548064
46985216,30921984,13587024
46985216,30921984,13626136
46985216,30921984,13665104
46985216,30921984,13704224
46985216,30921984,13744224
46985216,30921984,13783336
46985216,30921984,13822296
46985216,30921984,13861408
46985216,30921984,13900376
46985216,30921984,13939496
46985216,30921984,13978464
46985216,30921984,14017576
46985216,30921984,14056544
46985216,30921984,14095808
46985216,30921984,14134776
46985216,30921984,14173888
46985216,30921984,14212856
46989312,30921984,14251976
46989312,30921984,14290968
46989312,30921984,14330112
46989312,30921984,14369104
46989312,30921984,14408464
46989312,30921984,14447464
46989312,30921984,14486616
46989312,30921984,14525608
46989312,30921984,14564760
46989312,30921984,14603968
46989312,30921984,14643112
46989312,30921984,14682112
46989312,30921984,14721264
46989312,30921984,14760256
46989312,30921984,14799400
46989312,30921984,14838392
46989312,30921984,14877760
46989312,30921984,14916760
46989312,30921984,14955904
46989312,30921984,14994896
46989312,30921984,15034040
46989312,30921984,15073032
46989312,30921984,15112176
46997504,30921984,9735096
46997504,30921984,9752744
46997504,30921984,9791816
46997504,30921984,9830776
46997504,30921984,9869880
46997504,30921984,9908832
46997504,30921984,9947936
46997504,30921984,9986896
46997504,30921984,10026008
46997504,30921984,10064968
46997504,30921984,10104080
46997504,30921984,10143040
46997504,30921984,10182152
46997504,30921984,10221120
46997504,30921984,10260232
46997504,30921984,10299200
46997504,30921984,10338312
46997504,30921984,10377272
46997504,30921984,10416384
46997504,30921984,10455352
46997504,30921984,10494472
46997504,30921984,10533432
46997504,30921984,10572544
46997504,30921984,10611504
46997504,30921984,10650656
46997504,30921984,10689616
46997504,30921984,10728736
46997504,30921984,10767696
46997504,30921984,10807840
46997504,30921984,10846800
46997504,30921984,10885920
46997504,30921984,10924880
46997504,30921984,10963992
46997504,30921984,11002960
46997504,30921984,11042072
46997504,30921984,11081032
46997504,30921984,11120144
46997504,30921984,11159104
46997504,30921984,11198224
46997504,30921984,11237184
46997504,30921984,11276296
46997504,30921984,11315264
46997504,30921984,11354384
46997504,30921984,11393344
46997504,30921984,11432464
46997504,30921984,11471424
46997504,30921984,11510536
46997504,30921984,11549496
46997504,30921984,11588608
46997504,30921984,11627568
46997504,30921984,11666680
46997504,30921984,11705664
46997504,30921984,11744776
46997504,30921984,11783744
46997504,30921984,11822856
46997504,30921984,11861816
46997504,30921984,11900928
46997504,30921984,11939888
46997504,30921984,11979000
46997504,30921984,12017960
46997504,30921984,12057072
46997504,30921984,12096032
46997504,30921984,12135144
46997504,30921984,12174104
46997504,30921984,12213216
46997504,30921984,12252176
46997504,30921984,12291296
46997504,30921984,12330256
46997504,30921984,12369376
46997504,30921984,12408336
46997504,30921984,12447456
46997504,30921984,12486416
46997504,30921984,12525528
46997504,30921984,12564496
46997504,30921984,12603616
46997504,30921984,12642576
46997504,30921984,12681688
46997504,30921984,12720656
46997504,30921984,12759792
46997504,30921984,12798752
46997504,30921984,12837872
46997504,30921984,12876840
46997504,30921984,12915952
46997504,30921984,12955128
46997504,30921984,12994240
46997504,30921984,13033200
46997504,30921984,13072320
46997504,30921984,13111280
46997504,30921984,13150400
46997504,30921984,13189368
46997504,30921984,13228488
46997504,30921984,13267464
46997504,30921984,13307624
46997504,30921984,13346592
46997504,30921984,13385720
46997504,30921984,13424688
46997504,30921984,13463808
46997504,30921984,13502784
46997504,30921984,13541912
46997504,30921984,13580888
46997504,30921984,13620008
